# Francesco Caprari 	 Francesco Botrugno 	 Agnese Camici
# Big_Human
# ML-CUP23
# 15/01/2023
1,9.000722885131836,8.709932327270508,19.189210891723633
2,9.355387687683105,-36.01862716674805,33.89960861206055
3,9.302383422851562,5.059264183044434,19.49881935119629
4,-13.629977226257324,9.725933074951172,24.870101928710938
5,-49.589935302734375,8.106245040893555,30.62541389465332
6,9.148341178894043,8.684035301208496,13.11293888092041
7,9.347262382507324,8.086312294006348,13.190113067626953
8,7.951409339904785,9.120885848999023,6.7966485023498535
9,4.68702507019043,9.416754722595215,6.04716157913208
10,-38.723777770996094,9.02015495300293,23.91095542907715
11,5.719150543212891,9.456392288208008,12.62637996673584
12,8.665021896362305,-46.470638275146484,14.610671997070312
13,-11.044055938720703,-62.82404708862305,17.437095642089844
14,-23.52056884765625,-51.52713394165039,9.69690990447998
15,-69.33055114746094,-4.561753273010254,5.044954299926758
16,9.293866157531738,-15.710099220275879,7.168400287628174
17,-6.6096577644348145,-69.18250274658203,9.264481544494629
18,10.015414237976074,-29.160404205322266,33.60664749145508
19,9.476755142211914,6.4780378341674805,13.35461139678955
20,7.551241874694824,-53.74476623535156,14.808684349060059
21,7.228510856628418,-59.37936019897461,2.4799716472625732
22,8.836541175842285,-26.665258407592773,20.967586517333984
23,-48.29150390625,8.327532768249512,23.94453239440918
24,-70.34527587890625,-1.3963794708251953,17.05787467956543
25,6.384167671203613,-63.3178825378418,2.542506456375122
26,9.462496757507324,-5.785335063934326,8.082033157348633
27,7.776928901672363,-54.014190673828125,2.3198952674865723
28,4.509418964385986,-66.4537353515625,28.410572052001953
29,9.416497230529785,-4.819018840789795,8.095662117004395
30,9.131754875183105,8.302038192749023,25.935409545898438
31,9.591397285461426,-5.904460906982422,20.58496856689453
32,4.517861366271973,9.416166305541992,6.013402462005615
33,5.281431198120117,9.155925750732422,0.5403294563293457
34,-5.377706050872803,-69.0993881225586,15.56187915802002
35,-64.1467514038086,-11.775005340576172,30.684885025024414
36,-10.91755485534668,-64.78388977050781,28.494592666625977
37,6.153759956359863,-61.20793533325195,34.68460464477539
38,-55.58983612060547,-20.453933715820312,17.409866333007812
39,1.5603355169296265,-70.04681396484375,34.41963195800781
40,6.785816192626953,-61.0493049621582,9.02738094329834
41,-69.9452896118164,4.816861152648926,10.784979820251465
42,0.20241117477416992,9.460309028625488,18.538867950439453
43,3.214280605316162,-68.67020416259766,9.10607624053955
44,7.302030563354492,9.44129467010498,18.92719078063965
45,6.368474960327148,-60.12685012817383,15.056607246398926
46,7.802824974060059,10.208793640136719,32.65074920654297
47,-1.0018125772476196,-69.9982681274414,9.264172554016113
48,2.189401149749756,9.670055389404297,12.489047050476074
49,5.805869102478027,9.153143882751465,0.573893666267395
50,8.277397155761719,-52.91050338745117,27.698314666748047
51,-71.12054443359375,2.5957725048065186,23.27391242980957
52,-40.815940856933594,-33.22721481323242,16.956663131713867
53,-53.48377227783203,-21.518125534057617,3.9041473865509033
54,-66.380859375,5.7377777099609375,16.99462127685547
55,-1.4702421426773071,9.452451705932617,18.61695671081543
56,4.593938827514648,9.416147232055664,6.027918338775635
57,9.771886825561523,-35.8752555847168,8.164769172668457
58,9.020570755004883,1.072011947631836,1.8060858249664307
59,4.459705352783203,-67.14330291748047,8.819007873535156
60,-47.515647888183594,8.81938362121582,11.78784465789795
61,6.022607326507568,-61.91693878173828,34.76240158081055
62,5.967009544372559,-64.56488037109375,2.580902338027954
63,8.656251907348633,-36.24656677246094,21.41758918762207
64,9.060222625732422,6.515985012054443,1.38950777053833
65,-39.11509323120117,-34.3474006652832,4.40078067779541
66,-29.79052734375,-45.17075729370117,10.04902172088623
67,5.323154449462891,-64.98957824707031,15.219992637634277
68,-41.49811553955078,-45.3663330078125,24.9547061920166
69,9.083385467529297,2.897441864013672,1.6019437313079834
70,-38.49125289916992,9.041197776794434,23.942272186279297
71,-58.99382781982422,7.035610675811768,18.395666122436523
72,9.915494918823242,-13.18371868133545,20.00897789001465
73,8.28299617767334,-48.50343322753906,9.220069885253906
74,-3.4754366874694824,9.700711250305176,25.02864646911621
75,7.290472984313965,9.236099243164062,6.646522045135498
76,-70.66343688964844,5.155093193054199,18.6768856048584
77,9.875303268432617,-6.284296989440918,26.82503318786621
78,-23.642824172973633,-51.38462829589844,9.729339599609375
79,9.500007629394531,-7.831385612487793,14.538844108581543
80,8.790867805480957,-22.38016128540039,2.2382993698120117
81,-62.20261764526367,6.60271692276001,17.85685920715332
82,-62.77294158935547,-12.813852310180664,3.9639501571655273
83,9.409847259521484,4.711602687835693,7.94512414932251
84,8.80273723602295,8.551944732666016,7.109521389007568
85,9.13866901397705,7.964776992797852,19.222135543823242
86,-68.91470336914062,4.336806774139404,29.331727981567383
87,-31.476957321166992,-42.62675857543945,16.2283935546875
88,6.744765758514404,9.171066284179688,0.6809045672416687
89,9.698705673217773,-3.671762704849243,26.784238815307617
90,-18.440946578979492,-59.45516586303711,3.3982081413269043
91,-18.69737434387207,9.84658145904541,24.889638900756836
92,8.91337776184082,-46.7089729309082,20.265661239624023
93,-65.07244873046875,-10.108270645141602,4.266336917877197
94,-56.133583068847656,9.236135482788086,6.040655612945557
95,-38.21925354003906,9.17568588256836,17.18360710144043
96,-1.4252077341079712,9.753023147583008,25.162687301635742
97,4.095723628997803,-66.9432601928711,20.976619720458984
98,9.685853004455566,-6.913669109344482,1.8482270240783691
99,-66.03530883789062,5.870645999908447,17.111427307128906
100,1.9214438199996948,-70.63355255126953,28.187776565551758
101,8.548378944396973,10.087970733642578,32.66313552856445
102,9.048455238342285,-16.22151756286621,1.9591293334960938
103,9.428034782409668,3.362783670425415,13.757134437561035
104,-7.811520099639893,-66.68891143798828,28.06352996826172
105,2.349940299987793,-70.32549285888672,16.03219223022461
106,9.834147453308105,-32.22120666503906,2.1250193119049072
107,9.054423332214355,6.485811233520508,1.3903018236160278
108,-51.57524108886719,-22.974536895751953,22.657318115234375
109,-70.74309539794922,-2.9130637645721436,4.845302581787109
110,-8.868462562561035,9.15778923034668,5.856681823730469
111,-65.79794311523438,5.623913764953613,29.845609664916992
112,9.26076889038086,-12.668914794921875,7.585203170776367
113,9.4802885055542,6.484651565551758,13.354336738586426
114,-72.030029296875,0.7023259997367859,4.75433874130249
115,5.061795234680176,9.162425994873047,0.5284758806228638
116,-63.54901885986328,-12.042288780212402,4.02858304977417
117,0.20760953426361084,8.782305717468262,5.804090976715088
118,9.467508316040039,0.576967179775238,8.280464172363281
119,-25.400236129760742,-48.96445846557617,21.970029830932617
120,9.041924476623535,1.3800125122070312,1.785217523574829
121,-54.74092102050781,7.644689559936523,24.394105911254883
122,8.696678161621094,-42.251468658447266,14.905461311340332
123,-8.018261909484863,9.878122329711914,18.63625144958496
124,-67.4797134399414,5.803466796875,24.681934356689453
125,2.7108683586120605,-69.96298217773438,16.006977081298828
126,4.906421661376953,-65.63785552978516,28.373279571533203
127,-10.149886131286621,9.873247146606445,18.65118980407715
128,9.295941352844238,3.0681190490722656,8.06213092803955
129,7.0297932624816895,-60.63869094848633,2.4968514442443848
130,9.12197208404541,3.519991636276245,1.5527141094207764
131,9.677430152893066,-15.15298843383789,19.954904556274414
132,-68.39675903320312,-4.926202774047852,15.513426780700684
133,8.279730796813965,9.366331100463867,19.06229019165039
134,2.9421796798706055,9.713168144226074,32.193153381347656
135,-25.885324478149414,-49.0640754699707,9.815011024475098
136,9.091219902038574,9.859163284301758,32.694095611572266
137,-46.29438018798828,8.551130294799805,23.883729934692383
138,-69.21360778808594,-4.716513633728027,5.037835597991943
139,-58.106842041015625,9.061655044555664,5.975286483764648
140,-8.30881404876709,-65.89484405517578,34.6678466796875
141,-49.853111267089844,8.680107116699219,5.86666202545166
142,7.805702209472656,9.289467811584473,12.736928939819336
143,9.54720687866211,-8.784608840942383,8.053886413574219
144,-69.45931243896484,-3.106536626815796,22.50994300842285
145,7.8429107666015625,-52.8447151184082,2.271833896636963
146,-63.571319580078125,-12.041888236999512,4.031071662902832
147,8.754321098327637,8.645678520202637,7.080531597137451
148,-30.277263641357422,9.479812622070312,31.331350326538086
149,-55.65288162231445,8.587081909179688,11.450581550598145
150,-70.0582046508789,-2.646148204803467,11.119911193847656
151,-67.18803405761719,-7.598822593688965,23.133159637451172
152,9.181315422058105,6.7973432540893555,26.0758113861084
153,7.895522117614746,10.195980072021484,32.65187454223633
154,5.69376802444458,9.414669036865234,6.2848124504089355
155,6.39678955078125,-59.98031997680664,34.578575134277344
156,9.64765739440918,-15.245038032531738,33.75020217895508
157,5.5807414054870605,9.46656322479248,12.627065658569336
158,7.793654441833496,9.436443328857422,18.990863800048828
159,4.5667524337768555,9.418865203857422,6.021994113922119
160,-61.74467468261719,-12.509029388427734,11.600616455078125
161,-6.949357509613037,-67.03496551513672,27.944944381713867
162,-11.939783096313477,-61.666324615478516,17.349878311157227
163,9.212418556213379,6.7285919189453125,7.485037326812744
164,-18.87650489807129,9.924209594726562,31.527273178100586
165,-23.861536026000977,-50.71358108520508,28.984712600708008
166,7.034255027770996,-57.17023849487305,34.32277297973633
167,-66.927001953125,7.468405723571777,11.115506172180176
168,-61.79277420043945,8.327104568481445,5.702835559844971
169,-68.59745788574219,4.732863903045654,5.03652286529541
170,-41.9019775390625,-33.34052658081055,29.372587203979492
171,-39.07902526855469,8.963180541992188,30.59123992919922
172,-66.3228988647461,-6.656348705291748,11.218950271606445
173,-30.91939353942871,9.097402572631836,11.76117992401123
174,-42.15956497192383,-31.859535217285156,17.025663375854492
175,-17.051259994506836,-57.73196792602539,9.45665454864502
176,2.7475414276123047,9.657875061035156,12.501618385314941
177,-56.969879150390625,-19.323673248291016,17.2493839263916
178,9.572566032409668,-4.345247745513916,33.15755081176758
179,9.329779624938965,3.4357974529266357,8.050490379333496
180,-34.801456451416016,-39.62697982788086,10.09677505493164
181,7.324124336242676,-55.41786193847656,20.93943214416504
182,10.202776908874512,-24.876449584960938,7.667111396789551
183,-64.19575500488281,-11.678851127624512,30.673458099365234
184,-5.4128499031066895,9.053731918334961,11.825301170349121
185,-22.004520416259766,-52.62242889404297,22.660764694213867
186,6.243278980255127,-63.74367904663086,2.5544419288635254
187,-46.26222229003906,-27.838417053222656,4.06953239440918
188,-10.451323509216309,-67.90377044677734,22.683462142944336
189,-13.557197570800781,-61.65561294555664,22.73225975036621
190,-62.12858200073242,-14.7774076461792,30.45881462097168
191,8.689362525939941,-41.06121063232422,14.960546493530273
192,8.743277549743652,-37.605464935302734,14.964814186096191
193,-27.63169288635254,-46.814430236816406,22.02143669128418
194,-70.79441833496094,0.2564294934272766,28.918315887451172
195,7.793022155761719,-53.871707916259766,20.772951126098633
196,9.046563148498535,2.0589804649353027,1.7070350646972656
197,9.399031639099121,4.878211975097656,7.915399074554443
198,-67.88587951660156,-5.871003150939941,15.294663429260254
199,8.763660430908203,9.084553718566895,12.987286567687988
200,-1.4756364822387695,9.755807876586914,25.16313934326172
201,8.620360374450684,-46.592411041259766,8.818095207214355
202,8.226948738098145,10.15715217590332,32.656768798828125
203,-70.64642333984375,-3.038841485977173,4.871279239654541
204,-9.774639129638672,9.20096206665039,5.931831359863281
205,7.682795524597168,-54.2136344909668,20.809133529663086
206,3.6633191108703613,9.795047760009766,32.31583786010742
207,-55.95117950439453,-19.05080795288086,11.237347602844238
208,-36.236656188964844,9.04554557800293,11.894829750061035
209,-13.11467170715332,9.326725006103516,5.935349464416504
210,-67.28028106689453,-5.8357391357421875,11.08824348449707
211,10.135762214660645,-27.92182731628418,8.072176933288574
212,0.7828425168991089,-70.05170440673828,9.107539176940918
213,9.049132347106934,6.617123603820801,1.3878841400146484
214,-8.494475364685059,-66.28166961669922,10.025235176086426
215,8.843791007995605,9.019424438476562,13.011981964111328
216,4.399626731872559,-67.21249389648438,8.837431907653809
217,-30.48820686340332,-44.17952346801758,4.0066022872924805
218,-37.36750793457031,9.166547775268555,17.151708602905273
219,9.179241180419922,7.290498733520508,26.050626754760742
220,9.53254222869873,-9.041766166687012,8.031036376953125
221,9.07939338684082,8.40717887878418,19.205556869506836
222,5.137147903442383,9.515264511108398,12.622084617614746
223,-70.69514465332031,-0.6074965596199036,28.8450927734375
224,-30.818037033081055,-43.21193313598633,16.209197998046875
225,-70.77156066894531,-0.018408238887786865,28.887813568115234
226,-70.20062255859375,2.9101603031158447,19.097728729248047
227,-30.76747703552246,9.115795135498047,11.757475852966309
228,9.575602531433105,1.6242520809173584,32.91800308227539
229,8.70441722869873,8.265750885009766,1.2492116689682007
230,-51.890846252441406,7.897701263427734,24.07451629638672
231,0.6637266874313354,9.47713851928711,18.546905517578125
232,-23.203474044799805,9.128539085388184,11.911222457885742
233,7.508912086486816,9.19149398803711,6.694675922393799
234,-14.10547924041748,-62.30424118041992,28.669267654418945
235,-60.36790466308594,-16.876035690307617,30.582918167114258
236,-69.69965362548828,-4.107860565185547,5.038580417633057
237,-22.321216583251953,-52.373783111572266,22.565601348876953
238,-3.49119234085083,9.689788818359375,25.025381088256836
239,7.856797218322754,9.136591911315918,6.775203704833984
240,9.710585594177246,-1.2817249298095703,14.296579360961914
241,-71.01161193847656,-1.2753934860229492,11.19699478149414
242,1.2534126043319702,9.642842292785645,12.46102237701416
243,-41.75469207763672,-32.043304443359375,10.755958557128906
244,9.061217308044434,7.628169059753418,7.30166482925415
245,-66.89189147949219,6.12315559387207,5.220131874084473
246,-26.066373825073242,-48.89118576049805,9.8114013671875
247,8.664400100708008,-36.119388580322266,21.42394256591797
248,-71.12507629394531,0.951837956905365,22.64291763305664
249,-55.80985641479492,7.579991340637207,24.53550910949707
250,9.876108169555664,-21.672149658203125,27.00471305847168
251,-5.779111385345459,9.672672271728516,18.6180477142334
252,-15.277222633361816,9.447206497192383,6.0397114753723145
253,9.644617080688477,-11.670982360839844,14.141888618469238
254,8.667370796203613,-36.032840728759766,21.427766799926758
255,7.3555145263671875,-54.654022216796875,14.85798168182373
256,3.7923054695129395,-68.44368743896484,15.743672370910645
257,-25.468719482421875,-49.82990646362305,16.019065856933594
258,-0.027804434299468994,9.675081253051758,25.143341064453125
259,9.82400894165039,-11.511367797851562,27.12043571472168
260,8.615476608276367,-39.18632125854492,21.149438858032227
261,-9.603782653808594,9.469748497009277,31.013324737548828
262,2.4996323585510254,-69.31875610351562,9.135428428649902
263,9.647526741027832,-1.5920310020446777,26.61766242980957
264,5.520341873168945,9.490472793579102,12.630027770996094
265,9.157814979553223,8.125659942626953,25.962148666381836
266,9.638348579406738,-9.230419158935547,27.106287002563477
267,-38.47462844848633,-35.05275344848633,4.342085361480713
268,-12.070589065551758,9.288575172424316,5.965273857116699
269,-45.481300354003906,-29.427417755126953,22.9357967376709
270,6.6608123779296875,9.433304786682129,18.856096267700195
271,7.290605545043945,-57.7056999206543,9.481138229370117
272,10.01077651977539,-12.321901321411133,27.151208877563477
273,-50.38884735107422,-23.91596221923828,22.63871192932129
274,-64.86282348632812,-10.633207321166992,30.52974510192871
275,2.019866943359375,9.463891983032227,18.608978271484375
276,-34.84657287597656,9.107742309570312,17.310590744018555
277,9.925320625305176,-21.32109832763672,7.316274642944336
278,0.6731961965560913,-71.35758209228516,27.996774673461914
279,5.857271671295166,-62.907466888427734,34.86172103881836
280,7.9212188720703125,-51.334293365478516,9.597012519836426
281,9.267489433288574,-12.98457145690918,7.565444469451904
282,-21.516496658325195,9.269211769104004,12.007582664489746
283,-36.783782958984375,-37.72300338745117,29.45109748840332
284,-70.337890625,-1.8434662818908691,28.949304580688477
285,5.743496417999268,9.152046203613281,0.5693851709365845
286,-71.20979309082031,1.550403118133545,22.866104125976562
287,-36.93116760253906,-37.52519607543945,29.5429744720459
288,-51.88084030151367,7.89145565032959,24.07381820678711
289,9.667084693908691,0.3289490342140198,32.880916595458984
290,9.371416091918945,-12.898386001586914,1.9382586479187012
291,-11.867484092712402,-74.49234771728516,21.726024627685547
292,9.078036308288574,8.450155258178711,19.203588485717773
293,-70.63737487792969,-0.8782318234443665,28.84354591369629
294,8.366637229919434,-49.58272171020508,14.544291496276855
295,9.08292007446289,8.791297912597656,13.090575218200684
296,4.814238548278809,9.417827606201172,18.725059509277344
297,8.98055362701416,-22.25159454345703,20.540945053100586
298,-64.66281127929688,-10.924141883850098,30.570215225219727
299,10.116844177246094,-25.624923706054688,33.498592376708984
300,7.945605278015137,10.190136909484863,32.65236282348633
301,6.275264739990234,9.543903350830078,25.318693161010742
302,7.347624778747559,-58.48385238647461,2.4644763469696045
303,9.7273530960083,8.242462158203125,32.91242980957031
304,-2.27535343170166,8.6211576461792,5.796305179595947
305,-21.02686882019043,-54.41730499267578,9.043377876281738
306,-12.114493370056152,9.598814010620117,12.286395072937012
307,8.881757736206055,-29.913738250732422,14.83374309539795
308,9.867293357849121,-5.623716831207275,26.86575698852539
309,-70.421142578125,-2.189394235610962,11.165288925170898
310,-25.888734817504883,-48.41109085083008,21.958988189697266
311,-25.088701248168945,-50.42202377319336,15.79500675201416
312,4.239583492279053,9.433404922485352,25.154714584350586
313,9.076967239379883,8.585169792175293,25.887624740600586
314,8.6788969039917,-33.74358367919922,21.47439193725586
315,3.6522598266601562,-68.67951965332031,15.796675682067871
316,7.983504295349121,8.944891929626465,0.9668083786964417
317,5.888181686401367,-62.7508659362793,15.121278762817383
318,-15.504369735717773,-58.76236343383789,16.42963409423828
319,9.64322280883789,-1.08698308467865,20.018430709838867
320,-62.259735107421875,-11.321196556091309,11.643143653869629
321,8.717890739440918,9.202361106872559,25.7548770904541
322,9.781052589416504,4.352976322174072,33.1943244934082
323,0.3442295789718628,-71.36270904541016,27.975343704223633
324,-70.78890991210938,0.7197394967079163,28.982866287231445
325,-10.422539710998535,9.879892349243164,24.994443893432617
326,8.628823280334473,8.401137351989746,1.2120084762573242
327,9.11003303527832,5.321722030639648,1.4297614097595215
328,-11.375718116760254,-62.38896560668945,17.4072322845459
329,-45.0582389831543,-29.118682861328125,17.189687728881836
330,-9.878933906555176,-74.32962799072266,11.972813606262207
331,-55.866912841796875,7.327850341796875,18.483675003051758
332,9.392110824584961,-12.442598342895508,1.9381818771362305
333,-28.66459846496582,9.642351150512695,31.403335571289062
334,7.715874671936035,-54.95856857299805,2.357039213180542
335,8.830342292785645,-25.920589447021484,20.863422393798828
336,10.076567649841309,-21.254186630249023,33.91904830932617
337,0.4851335287094116,-70.26991271972656,34.44721603393555
338,8.497328758239746,8.915521621704102,6.9661383628845215
339,-4.019217014312744,9.664661407470703,24.963293075561523
340,-14.52898120880127,9.68679428100586,24.83579444885254
341,9.16397762298584,6.394731521606445,26.091798782348633
342,-37.26359176635742,-37.10447692871094,29.653392791748047
343,-51.02169418334961,8.855381965637207,5.931856155395508
344,-54.75008773803711,-20.342517852783203,3.8090157508850098
345,9.217994689941406,6.603147506713867,19.340137481689453
346,9.665207862854004,-10.310995101928711,27.103731155395508
347,2.8406105041503906,9.270455360412598,5.878671169281006
348,1.298052191734314,9.623781204223633,25.153955459594727
349,9.260144233703613,-14.421833992004395,7.353356838226318
350,8.397102355957031,-50.53438186645508,34.4516716003418
351,-71.05007934570312,3.037609338760376,10.692880630493164
352,10.311081886291504,-35.03310012817383,1.902207612991333
353,-66.47607421875,-8.507539749145508,30.3095760345459
354,-56.46674346923828,9.82812786102295,10.50206184387207
355,-71.72164916992188,1.5089092254638672,10.837875366210938
356,-42.66184997558594,-32.41565704345703,29.29989242553711
357,-20.884069442749023,9.353374481201172,12.071651458740234
358,8.974989891052246,0.6508992314338684,1.8165760040283203
359,-29.445158004760742,9.443428039550781,6.049826145172119
360,9.180195808410645,7.649609565734863,26.0211124420166
361,-32.760826110839844,-41.649356842041016,10.363837242126465
362,-14.999860763549805,9.596405029296875,12.257111549377441
363,-30.626060485839844,-43.87910079956055,28.866849899291992
364,-38.62046813964844,9.002298355102539,30.575653076171875
365,-53.64472198486328,-22.825702667236328,29.87884521484375
366,-45.508384704589844,-28.598663330078125,10.900649070739746
367,9.942109107971191,-30.342565536499023,33.82504653930664
368,7.0589599609375,-56.292572021484375,21.03318977355957
369,9.037320137023926,7.753046035766602,7.280005931854248
370,9.016070365905762,9.900136947631836,32.6839599609375
371,-59.96044158935547,6.406455993652344,29.93790626525879
372,-7.0358381271362305,-68.91606903076172,14.907546043395996
373,6.975872039794922,9.44149398803711,18.8895263671875
374,5.684832572937012,9.418394088745117,6.283048152923584
375,9.621969223022461,-0.44985872507095337,19.949756622314453
376,-37.141326904296875,-37.242000579833984,29.629667282104492
377,-29.859270095825195,-44.75161361694336,29.033876419067383
378,9.731829643249512,-4.08376407623291,20.452882766723633
379,-57.04564666748047,-19.244613647460938,17.24308967590332
380,-11.562244415283203,9.611891746520996,12.27304744720459
381,-6.425753593444824,-70.6034164428711,8.509089469909668
382,-14.71170711517334,9.604381561279297,31.317951202392578
383,8.666363716125488,8.339483261108398,1.2289211750030518
384,9.085982322692871,8.396482467651367,19.204299926757812
385,9.103889465332031,-15.86786937713623,1.949023723602295
386,-53.075279235839844,-21.83985137939453,3.950300693511963
387,9.992202758789062,-12.413535118103027,20.079387664794922
388,9.774173736572266,-31.78507423400879,33.97175216674805
389,6.855301856994629,9.433960914611816,18.876781463623047
390,8.993907928466797,-36.67536544799805,28.052406311035156
391,7.813570976257324,9.153181076049805,6.761605739593506
392,9.417462348937988,9.600269317626953,32.73411178588867
393,-12.51440715789795,-63.6248664855957,28.567724227905273
394,7.956080436706543,-50.929630279541016,9.567130088806152
395,8.686813354492188,9.221213340759277,25.742809295654297
396,7.6552534103393555,9.549752235412598,25.552026748657227
397,-7.814540863037109,9.851200103759766,18.63365364074707
398,-50.351131439208984,8.048062324523926,18.110780715942383
399,7.895785331726074,-52.25948715209961,2.246744394302368
400,-30.48918342590332,9.204597473144531,24.069204330444336
401,4.273101329803467,9.880877494812012,32.41053771972656
402,4.3047380447387695,-66.25492858886719,20.97983169555664
403,9.59669017791748,-6.420192718505859,20.58447265625
404,9.374247550964355,-41.569522857666016,8.276054382324219
405,8.928132057189941,7.575310707092285,1.3559863567352295
406,-47.944480895996094,8.371393203735352,23.94047737121582
407,-7.305160999298096,-67.0071792602539,34.54741668701172
408,9.775463104248047,4.283675670623779,33.191986083984375
409,9.727320671081543,-10.568561553955078,33.638877868652344
410,9.21583080291748,4.021979331970215,26.29750633239746
411,6.587233543395996,9.317776679992676,6.5001091957092285
412,-43.64061737060547,-33.35966873168945,23.139074325561523
413,7.569159507751465,9.562570571899414,25.537443161010742
414,7.960675239562988,-56.89234161376953,28.056943893432617
415,9.352385520935059,5.616219520568848,7.752783298492432
416,1.2637771368026733,-69.96165466308594,9.10042667388916
417,-10.21175765991211,-72.32750701904297,14.775816917419434
418,9.248562812805176,-14.525651931762695,1.931877613067627
419,8.950152397155762,0.501650869846344,1.8158445358276367
420,-70.31845092773438,4.278100967407227,10.736919403076172
421,-69.872314453125,-2.925217866897583,29.206029891967773
422,-27.818086624145508,-47.1323356628418,9.814194679260254
423,-6.115100860595703,9.491636276245117,30.857547760009766
424,9.233572959899902,6.577770233154297,7.521510124206543
425,9.096454620361328,-15.899507522583008,1.9501242637634277
426,-70.40719604492188,-1.1590321063995361,22.266666412353516
427,6.563872814178467,9.43563461303711,18.847131729125977
428,8.181230545043945,-49.16902160644531,9.341789245605469
429,5.167832851409912,-66.39356231689453,2.6655027866363525
430,8.64220142364502,9.155190467834473,12.949889183044434
431,-63.9003791809082,-12.173358917236328,30.729005813598633
432,-69.36813354492188,-3.4556145668029785,11.027251243591309
433,-60.152130126953125,-14.577327728271484,11.649768829345703
434,-25.73442268371582,-48.07392501831055,3.8319852352142334
435,-10.578354835510254,-63.46023178100586,17.485923767089844
436,-5.800314426422119,9.074304580688477,11.819087028503418
437,5.179842948913574,9.426118850708008,6.155759811401367
438,5.199860572814941,9.14974308013916,0.5359067916870117
439,9.057110786437988,6.65401554107666,1.3875572681427002
440,-30.388368606567383,9.290642738342285,17.659460067749023
441,8.971380233764648,-23.401317596435547,14.235949516296387
442,-56.9659309387207,6.91591739654541,29.906097412109375
443,8.787851333618164,-43.59008026123047,20.74890899658203
444,8.872617721557617,-33.31669235229492,15.031776428222656
445,4.310758590698242,9.887447357177734,32.415870666503906
446,7.863205909729004,-52.69646072387695,2.2647252082824707
447,1.1315025091171265,-71.2162094116211,28.04506492614746
448,-51.83357238769531,-22.778039932250977,22.658193588256836
449,9.283440589904785,2.444321870803833,26.501935958862305
450,9.6530122756958,-12.927011489868164,33.587005615234375
451,9.50660228729248,-6.373126029968262,8.082317352294922
452,-10.841160774230957,-64.8475570678711,28.49294090270996
453,-56.87016296386719,-19.33032989501953,22.45839500427246
454,-60.98445129394531,-14.317497253417969,3.8748912811279297
455,-43.80806350708008,9.11819839477539,11.855799674987793
456,8.994994163513184,8.736526489257812,19.187814712524414
457,-50.79833221435547,8.420024871826172,11.479717254638672
458,0.1379755735397339,9.678641319274902,25.14208221435547
459,-18.50670051574707,-56.26036071777344,22.732343673706055
460,-24.091615676879883,9.434911727905273,18.154821395874023
461,-37.25815200805664,9.19405746459961,24.129514694213867
462,-52.93071746826172,-21.707231521606445,11.074820518493652
463,-42.78575134277344,-45.095699310302734,25.1827392578125
464,-7.128798484802246,9.26821231842041,11.915393829345703
465,9.95177936553955,-12.069904327392578,27.140653610229492
466,-69.08274841308594,-3.824934959411621,22.604347229003906
467,1.6038020849227905,-69.85649108886719,9.105203628540039
468,-37.173309326171875,9.780229568481445,4.949783802032471
469,9.261068344116211,2.742205858230591,26.479917526245117
470,9.080707550048828,8.405138969421387,19.203449249267578
471,-42.234352111816406,-33.02456283569336,29.33106803894043
472,-14.196575164794922,-59.89841842651367,35.09084701538086
473,8.204682350158691,9.042177200317383,6.868814945220947
474,-60.65558624267578,9.824316024780273,11.79689884185791
475,-12.750113487243652,-63.4417610168457,28.58131217956543
476,9.140746116638184,7.158759117126465,7.394445896148682
477,9.048169136047363,-17.132247924804688,13.668630599975586
478,9.04426383972168,-2.6909737586975098,1.904364824295044
479,2.8594908714294434,-69.78246307373047,15.989041328430176
480,-66.94189453125,6.0418219566345215,24.78567886352539
481,-70.41484069824219,-2.1782305240631104,11.164786338806152
482,9.477351188659668,6.57737922668457,13.345553398132324
483,2.4321045875549316,9.229641914367676,0.3502383828163147
484,-69.90890502929688,-2.8313074111938477,29.181848526000977
485,9.231907844543457,-31.01636505126953,27.92461585998535
486,-15.263266563415527,9.588541984558105,12.267792701721191
487,-9.351633071899414,9.486791610717773,30.99124526977539
488,9.704390525817871,-2.1940393447875977,20.18938636779785
489,-65.02738189697266,-7.538088798522949,11.345118522644043
490,-71.24203491210938,2.6717660427093506,10.705727577209473
491,7.595884323120117,-56.24673843383789,2.4048383235931396
492,-69.12034606933594,-3.123781681060791,16.230125427246094
493,-25.153514862060547,-49.17043685913086,28.99970245361328
494,0.8172516822814941,8.919686317443848,5.808742046356201
495,7.248288154602051,9.297037124633789,12.648672103881836
496,4.183221340179443,9.875629425048828,32.398468017578125
497,6.532236099243164,9.1649169921875,0.6491587162017822
498,5.885831356048584,-64.7768783569336,2.589052200317383
499,9.53726863861084,-39.82106018066406,8.182572364807129
500,0.9296191930770874,9.645441055297852,25.14704132080078
501,8.898959159851074,8.306923866271973,7.171217441558838
502,8.012910842895508,10.193132400512695,32.653587341308594
503,-58.474456787109375,7.3960676193237305,24.845394134521484
504,5.4016876220703125,9.153942108154297,0.5476715564727783
505,8.83791732788086,-18.98326873779297,2.073235511779785
506,9.55982780456543,-1.0526623725891113,8.315958976745605
507,9.5120849609375,1.378593921661377,19.86760139465332
508,1.3982499837875366,-70.09171295166016,34.42290115356445
509,-0.20542514324188232,9.523801803588867,0.30959218740463257
510,-65.39371490478516,-7.291794776916504,11.311680793762207
511,1.3957728147506714,-70.93450164794922,16.0751895904541
512,9.734322547912598,8.409786224365234,32.895511627197266
513,9.119051933288574,8.076543807983398,19.217119216918945
514,9.646971702575684,-10.067534446716309,27.104860305786133
515,-2.1501173973083496,-70.3025131225586,27.99858856201172
516,-40.95698165893555,-33.06821060180664,16.955780029296875
517,9.47368335723877,5.83076810836792,13.420591354370117
518,3.5574073791503906,9.782305717468262,32.298362731933594
519,7.016966342926025,9.164369583129883,0.7275108695030212
520,-65.32124328613281,-9.998988151550293,30.449003219604492
521,9.273470878601074,-43.060611724853516,2.727349042892456
522,8.48969841003418,-49.203983306884766,34.55269241333008
523,9.594721794128418,0.507265031337738,14.090537071228027
524,-0.2726179361343384,-70.6921615600586,3.0171058177948
525,-10.650674819946289,-65.50287628173828,23.07264518737793
526,8.571791648864746,-44.941505432128906,2.4829208850860596
527,5.835097312927246,-63.015438079833984,34.87053298950195
528,-28.370210647583008,-46.18610763549805,29.134519577026367
529,-2.364497661590576,-70.36212921142578,16.200801849365234
530,-68.58650207519531,-4.766111373901367,22.710655212402344
531,9.459036827087402,7.1752824783325195,13.282218933105469
532,-10.14996337890625,-65.51188659667969,3.4646809101104736
533,-9.52850341796875,9.197208404541016,5.914261817932129
534,5.917830467224121,-62.65398406982422,15.117684364318848
535,8.9489107131958,8.955598831176758,13.047568321228027
536,-31.419885635375977,-43.224388122558594,10.362896919250488
537,9.128740310668945,5.078027725219727,1.4451727867126465
538,0.1668407917022705,8.778806686401367,5.803345203399658
539,10.275995254516602,-13.598011016845703,27.2032527923584
540,-21.251026153564453,9.308568000793457,12.033683776855469
541,7.118997573852539,-60.0772705078125,2.4902849197387695
542,9.298295021057129,5.147934913635254,19.490299224853516
543,8.92948055267334,-26.549842834472656,14.544844627380371
544,-10.565348625183105,-63.275333404541016,34.905052185058594
545,9.199355125427246,6.834591388702393,19.31364631652832
546,-9.829707145690918,9.621161460876465,12.197242736816406
547,5.2427568435668945,-65.23811340332031,15.238272666931152
548,8.141152381896973,8.873636245727539,1.016273856163025
549,-70.22431945800781,-2.436495542526245,11.14200496673584
550,-33.78077697753906,9.223347663879395,24.114797592163086
551,8.895263671875,-43.76882553100586,2.668205738067627
552,-2.776304244995117,9.746610641479492,25.10617446899414
553,6.338161945343018,-63.44919967651367,2.5462706089019775
554,-19.55026626586914,9.72359848022461,18.321836471557617
555,-69.66084289550781,-3.1193580627441406,11.064970970153809
556,-70.54145812988281,-1.2554833889007568,28.8635311126709
557,-70.44281005859375,2.411702871322632,29.215368270874023
558,8.972511291503906,-23.25396156311035,14.214898109436035
559,-54.95693588256836,9.230525970458984,6.0475029945373535
560,8.270872116088867,10.154529571533203,32.65680694580078
561,-11.17345905303955,-64.2999496459961,9.794832229614258
562,6.717496871948242,9.342788696289062,12.613423347473145
563,9.322614669799805,-18.091304779052734,20.1780948638916
564,9.675651550292969,-2.2380216121673584,26.68684959411621
565,-10.723207473754883,-66.8831558227539,23.094873428344727
566,0.218652606010437,-70.71273040771484,3.0109283924102783
567,-53.137718200683594,7.652578353881836,30.19266128540039
568,-60.75066375732422,8.586271286010742,5.793969631195068
569,8.803093910217285,-43.684104919433594,20.73600959777832
570,-24.77842140197754,9.446842193603516,18.13315773010254
571,3.433736801147461,9.46190071105957,25.164709091186523
572,-35.71844482421875,9.783138275146484,5.355040073394775
573,-33.369266510009766,-40.40226364135742,3.8697426319122314
574,9.490472793579102,-33.65066909790039,33.8903694152832
575,8.322808265686035,9.008720397949219,6.905422687530518
576,9.542536735534668,-5.350538730621338,33.33445739746094
577,9.69544506072998,-7.5400238037109375,1.813859462738037
578,-4.8187971115112305,-69.11080169677734,3.1515798568725586
579,-26.026155471801758,10.184514999389648,31.730791091918945
580,9.806652069091797,5.06629753112793,33.18540573120117
581,2.8654441833496094,-69.7737808227539,15.987595558166504
582,-36.9923095703125,9.787952423095703,5.0074005126953125
583,-62.32183074951172,-13.490306854248047,16.964975357055664
584,-67.07720947265625,5.9866461753845215,24.765226364135742
585,-59.782352447509766,-17.50490951538086,30.59132957458496
586,9.705981254577637,-4.47709846496582,20.50413703918457
587,-15.645371437072754,-60.013309478759766,22.634923934936523
588,9.268397331237793,8.371622085571289,13.156126976013184
589,2.8355698585510254,9.209696769714355,0.3798467516899109
590,7.719948768615723,-54.83510208129883,2.352769613265991
591,7.381649971008301,9.568644523620605,25.505996704101562
592,1.0282599925994873,9.350467681884766,0.2955515384674072
593,-67.30767822265625,-7.161494731903076,4.707578659057617
594,-42.47122573852539,-32.72769546508789,29.3129825592041
595,-32.947486877441406,9.586602210998535,5.804091930389404
596,-41.425926208496094,8.856348037719727,23.787860870361328
597,-37.5618782043457,9.168889999389648,17.154701232910156
598,9.003422737121582,-2.404573678970337,1.8840296268463135
599,-5.120261192321777,9.47769546508789,30.8640193939209
600,9.26375675201416,-12.390304565429688,7.602707862854004
601,9.540194511413574,-5.70431661605835,33.39487075805664
602,8.804093360900879,9.120516777038574,25.77828025817871
603,-1.1028202772140503,9.447309494018555,12.26783275604248
604,-68.10186767578125,4.819787979125977,29.437633514404297
605,6.873464584350586,9.572174072265625,25.419754028320312
606,-18.632526397705078,-56.09443283081055,22.742948532104492
607,8.97677993774414,-36.10794448852539,28.079614639282227
608,-61.72297668457031,-15.302515029907227,30.43372917175293
609,-5.646334648132324,8.659557342529297,5.591441631317139
610,-57.15541076660156,-17.966415405273438,3.7609364986419678
611,2.6128859519958496,9.241066932678223,5.872389316558838
612,6.222902297973633,-63.2568473815918,8.637249946594238
613,5.597579002380371,-63.99935531616211,15.165377616882324
614,-28.885637283325195,-45.956756591796875,22.216100692749023
615,-0.0626746416091919,-70.56395721435547,21.535499572753906
616,-61.328285217285156,-14.012310981750488,3.8881359100341797
617,-70.43717956542969,-1.0729175806045532,22.267210006713867
618,9.622170448303223,-13.98735237121582,33.61610794067383
619,-12.02748966217041,-64.2669677734375,3.5508131980895996
620,-42.74404525756836,-32.26529312133789,29.29083824157715
621,-52.170494079589844,-24.329071044921875,29.586414337158203
622,-23.454147338867188,-51.09002685546875,3.3138680458068848
623,-27.189739227294922,9.169366836547852,11.806649208068848
624,-29.682537078857422,-44.18711471557617,16.239116668701172
625,9.530146598815918,-7.231551170349121,14.615777015686035
626,8.482891082763672,8.930846214294434,6.960553169250488
627,9.881745338439941,-13.478431701660156,19.98512840270996
628,-42.355316162109375,7.632978439331055,5.220820903778076
629,8.232471466064453,8.808944702148438,1.0499993562698364
630,5.945420265197754,-62.45096969604492,34.81855773925781
631,-59.551639556884766,-15.967860221862793,23.094541549682617
632,1.4576140642166138,9.298906326293945,0.3027835488319397
633,-34.7972412109375,9.273782730102539,24.195066452026367
634,-6.159432888031006,9.494622230529785,30.858333587646484
635,-54.480995178222656,-20.604721069335938,3.824394941329956
636,9.536252975463867,-7.154480934143066,14.624076843261719
637,9.38068675994873,7.9182281494140625,13.20688533782959
638,-52.25914001464844,-22.47942352294922,22.656198501586914
639,1.8906437158584595,9.592575073242188,25.16563606262207
640,-35.1577033996582,9.110994338989258,17.283143997192383
641,-2.473996877670288,9.271791458129883,12.11095905303955
642,9.20854663848877,6.791324138641357,19.317800521850586
643,-17.81812286376953,-60.258731842041016,3.4190821647644043
644,5.1344828605651855,-65.13475036621094,28.347509384155273
645,-61.42882537841797,7.115455627441406,24.96198844909668
646,9.160481452941895,-33.452484130859375,28.212724685668945
647,9.453349113464355,5.614943981170654,13.439949989318848
648,3.413695812225342,-68.76958465576172,34.518985748291016
649,7.677125930786133,9.449119567871094,18.97560691833496
650,-68.50543212890625,-4.659454345703125,15.599566459655762
651,-2.0180797576904297,9.763599395751953,25.154592514038086
652,-38.748443603515625,9.980474472045898,4.414597034454346
653,-63.352577209472656,-11.962719917297363,16.78679656982422
654,6.870818138122559,-60.65879440307617,9.097301483154297
655,-31.48110008239746,-42.945125579833984,28.633188247680664
656,-19.058441162109375,9.56982421875,12.26760196685791
657,8.993025779724121,8.743886947631836,19.190771102905273
658,14.636394500732422,-45.29381561279297,-1.3560032844543457
659,6.9018659591674805,9.290555953979492,6.568493843078613
660,3.4945263862609863,-68.2138442993164,21.109407424926758
661,9.047636985778809,-2.687971830368042,1.9039881229400635
662,7.955839157104492,-50.92858123779297,9.566939353942871
663,9.545178413391113,-18.45831298828125,7.1586689949035645
664,7.591739654541016,9.565267562866211,25.542566299438477
665,9.148987770080566,7.087919235229492,7.407795429229736
666,1.8038133382797241,-70.27274322509766,2.9565258026123047
667,9.584047317504883,-6.224458694458008,20.586212158203125
668,-16.82402801513672,9.754415512084961,31.364999771118164
669,0.4806731939315796,-70.69673919677734,3.0063276290893555
670,-71.10762023925781,2.6513450145721436,23.294029235839844
671,-70.78480529785156,0.7971263527870178,28.9942684173584
672,-29.708280563354492,9.375080108642578,17.748416900634766
673,-47.996978759765625,8.316608428955078,17.823375701904297
674,9.802498817443848,5.316623687744141,33.17396926879883
675,10.443507194519043,-15.44051742553711,27.211130142211914
676,-71.22879028320312,-0.9013544917106628,11.183615684509277
677,10.079845428466797,-18.2503662109375,34.05529022216797
678,9.359171867370605,-36.07759475708008,33.896522521972656
679,9.649989128112793,-19.360027313232422,7.213895797729492
680,7.032774448394775,9.273061752319336,6.595017910003662
681,9.148415565490723,7.048917770385742,7.4167351722717285
682,-6.769508361816406,9.212084770202637,11.872072219848633
683,-61.31305694580078,8.449681282043457,5.745448589324951
684,4.6518754959106445,-66.88697814941406,34.68738555908203
685,7.875058174133301,-52.348018646240234,14.71306037902832
686,9.592655181884766,-0.9424389004707336,26.54791831970215
687,8.889370918273926,8.354753494262695,7.162117958068848
688,-1.1765390634536743,-70.23458099365234,34.470394134521484
689,-53.57170867919922,8.323476791381836,10.951058387756348
690,-61.34544372558594,-13.199419021606445,11.577983856201172
691,8.627552032470703,-37.70070266723633,21.3148136138916
692,9.050047874450684,7.695150375366211,7.290698528289795
693,9.377240180969238,-3.3075459003448486,8.128462791442871
694,9.551136016845703,-0.1911582350730896,8.332560539245605
695,-16.4683895111084,-61.69796371459961,3.4651174545288086
696,-5.034850120544434,9.618431091308594,18.649959564208984
697,-65.2477035522461,-9.878318786621094,4.2939863204956055
698,-21.97758674621582,9.50289249420166,6.212452411651611
699,-58.4375,-16.39209747314453,11.707625389099121
700,-3.81788969039917,-69.70855712890625,15.9536771774292
701,-27.000818252563477,9.16567325592041,11.81400203704834
702,9.66054630279541,-8.724111557006836,27.0877628326416
703,9.709220886230469,7.535388946533203,32.98313522338867
704,7.643948554992676,9.072465896606445,0.8679847717285156
705,8.609570503234863,8.823328971862793,7.013301849365234
706,-36.0628776550293,9.307968139648438,30.786874771118164
707,8.306517601013184,-48.36748123168945,9.192636489868164
708,8.19100284576416,-49.057960510253906,9.324132919311523
709,9.24162483215332,9.754318237304688,32.708316802978516
710,7.930839538574219,-51.28240966796875,2.2118940353393555
711,5.916351795196533,10.119880676269531,32.58298110961914
712,7.101813316345215,-56.88262176513672,34.29067611694336
713,9.690655708312988,-24.70328712463379,27.508771896362305
714,-14.4334716796875,9.579450607299805,31.31626319885254
715,5.547736167907715,-64.25577545166016,28.308504104614258
716,8.885635375976562,-30.94913101196289,14.951604843139648
717,9.793656349182129,-11.36764144897461,27.116687774658203
718,0.0021358728408813477,8.738885879516602,5.805938720703125
719,-0.47680360078811646,9.520275115966797,12.335162162780762
720,-24.888517379760742,-49.48048400878906,28.99541664123535
721,9.690211296081543,-2.0900213718414307,20.173810958862305
722,8.68567180633545,-33.82083511352539,21.474712371826172
723,-38.413291931152344,-35.60292434692383,10.412940979003906
724,8.029800415039062,-56.42826843261719,28.05147361755371
725,3.7226858139038086,9.435624122619629,18.684612274169922
726,9.79905891418457,4.697444915771484,33.194732666015625
727,-43.429325103759766,-33.90693664550781,23.20351219177246
728,-9.546504020690918,-66.67516326904297,17.156967163085938
729,-0.09016197919845581,9.658230781555176,31.703975677490234
730,-71.67692565917969,-1.4543402194976807,4.6772027015686035
731,-66.57463836669922,-7.487259864807129,15.334757804870605
732,2.7279605865478516,-69.39411163330078,34.45697021484375
733,9.377259254455566,3.9221065044403076,8.031187057495117
734,8.963201522827148,8.129172325134277,7.208410739898682
735,7.934418678283691,-52.027950286865234,14.689411163330078
736,-70.55658721923828,3.562560796737671,23.587438583374023
737,9.662129402160645,-1.545664668083191,20.08624839782715
738,-14.692883491516113,-59.350223541259766,35.05862808227539
739,0.9856694936752319,-69.91463470458984,21.49881935119629
740,9.171170234680176,7.596875190734863,26.023685455322266
741,-47.46010971069336,8.377408981323242,17.751178741455078
742,10.095122337341309,-24.25771141052246,33.648319244384766
743,8.809212684631348,-43.835052490234375,20.713258743286133
744,8.481338500976562,-46.49736404418945,34.63359451293945
745,1.8060096502304077,-69.44445037841797,21.438657760620117
746,6.015512466430664,-62.1425666809082,15.104899406433105
747,-36.68963623046875,9.240361213684082,30.676450729370117
748,8.61107349395752,8.43696403503418,1.2001365423202515
749,6.426999568939209,9.373029708862305,12.612447738647461
750,9.687911987304688,-3.3287525177001953,26.757844924926758
751,9.870360374450684,-6.3631696701049805,26.820528030395508
752,8.900534629821777,8.307071685791016,7.167802333831787
753,-32.546546936035156,9.120122909545898,17.453205108642578
754,-11.49024486541748,-64.3792495727539,28.515722274780273
755,8.599804878234863,8.826547622680664,7.007956504821777
756,5.794915199279785,-63.20532989501953,34.884090423583984
757,-21.6724796295166,9.769018173217773,24.81119728088379
758,9.565583229064941,-0.5132123827934265,8.336121559143066
759,-31.73661231994629,-42.39542770385742,16.24383544921875
760,9.719831466674805,-7.401660919189453,20.532224655151367
761,-44.63519287109375,-29.485937118530273,10.870487213134766
762,-71.07119750976562,0.33590584993362427,17.945640563964844
763,12.637726783752441,-42.07490921020508,0.3420983552932739
764,-38.43581008911133,9.032569885253906,30.573747634887695
765,9.71323299407959,-2.7765493392944336,20.275484085083008
766,9.519235610961914,1.2640609741210938,19.87329864501953
767,-70.68463897705078,3.6984212398529053,10.700780868530273
768,1.5693165063858032,9.659826278686523,12.4729642868042
769,-6.295156002044678,-67.28713989257812,27.936609268188477
770,-56.375030517578125,-19.83492660522461,22.347578048706055
771,-49.440399169921875,-24.734359741210938,22.608556747436523
772,-1.266868233680725,-70.75235748291016,21.610586166381836
773,-70.50853729248047,-0.916152834892273,22.265535354614258
774,9.6848726272583,-3.328463315963745,26.7575740814209
775,-29.93282127380371,9.340988159179688,17.71829605102539
776,9.758207321166992,6.038171768188477,33.12788009643555
777,-7.213778018951416,9.290151596069336,11.926865577697754
778,6.002622604370117,-64.48699951171875,2.577684164047241
779,5.789894104003906,-63.183467864990234,15.134759902954102
780,9.706873893737793,7.098911285400391,33.027671813964844
781,-67.82148742675781,-6.430041313171387,22.960893630981445
782,-10.650768280029297,9.637653350830078,12.234034538269043
783,-20.902973175048828,10.12376880645752,31.786020278930664
784,-62.94734191894531,9.591161727905273,11.49728775024414
785,-24.909454345703125,10.372869491577148,31.858684539794922
786,-51.05266571044922,-23.378093719482422,10.884440422058105
787,-51.11744689941406,-23.331390380859375,22.653223037719727
788,8.885150909423828,-29.055452346801758,14.735011100769043
789,-30.85556983947754,9.474114418029785,5.968743801116943
790,7.715405464172363,10.218307495117188,32.648887634277344
791,6.920794486999512,9.32963752746582,12.62254810333252
792,-21.385820388793945,-53.07276153564453,22.82553482055664
793,-16.112140655517578,-58.68611526489258,9.583405494689941
794,-30.37433433532715,-44.3132209777832,4.021699905395508
795,-64.0594482421875,-11.907471656799316,30.701274871826172
796,6.458288669586182,-58.25834274291992,21.231786727905273
797,-5.353304862976074,9.04383373260498,11.828043937683105
798,9.158631324768066,5.992917060852051,26.10527229309082
799,9.428299903869629,-10.311790466308594,7.857146739959717
800,1.8900974988937378,9.137941360473633,5.844117641448975
801,8.002169609069824,-49.73294448852539,2.175915002822876
802,-12.792521476745605,-63.86848831176758,3.5626180171966553
803,-70.95011901855469,-2.648089647293091,4.7931318283081055
804,4.20468282699585,-67.48267364501953,8.897714614868164
805,10.106884002685547,-25.159046173095703,33.550594329833984
806,9.42741584777832,-17.07258415222168,20.072153091430664
807,-39.905418395996094,-34.130123138427734,16.969419479370117
808,9.600764274597168,2.570308208465576,33.013336181640625
809,9.285955429077148,-30.46887969970703,27.911413192749023
810,9.222027778625488,3.8426711559295654,26.327211380004883
811,-6.260255813598633,9.721261024475098,18.613676071166992
812,10.097467422485352,-18.368545532226562,34.053340911865234
813,-22.232322692871094,9.485727310180664,18.186464309692383
814,-67.07903289794922,5.998137950897217,5.201594829559326
815,-71.06858825683594,2.778980016708374,23.339698791503906
816,-53.80809783935547,-22.67340660095215,29.92599105834961
817,9.378771781921387,4.107809543609619,8.01676082611084
818,-46.059120178222656,-28.766803741455078,22.87666130065918
819,9.109772682189941,5.369180202484131,1.4265697002410889
820,-13.316851615905762,9.333776473999023,5.935082912445068
821,-61.14502716064453,9.888042449951172,11.744460105895996
822,4.487229347229004,-66.49752044677734,28.412080764770508
823,-5.131285190582275,9.622734069824219,18.644075393676758
824,6.38634729385376,-63.316043853759766,2.542353391647339
825,9.588875770568848,1.3853650093078613,32.90443801879883
826,9.599432945251465,1.1418633460998535,32.89271545410156
827,8.849615097045898,9.033760070800781,13.012778282165527
828,9.549668312072754,-10.205259323120117,1.8647892475128174
829,-69.69610595703125,3.6147096157073975,4.912132263183594
830,-64.76109313964844,5.831405162811279,29.975496292114258
831,9.76844310760498,5.875729084014893,33.13981246948242
832,9.120444297790527,8.369327545166016,25.9229793548584
833,8.907588958740234,7.685903549194336,1.3457080125808716
834,-3.5710997581481934,-69.71757507324219,3.0988006591796875
835,-64.46308898925781,-7.932490348815918,11.393613815307617
836,-71.90482330322266,0.993350088596344,4.764251708984375
837,-11.898224830627441,9.404813766479492,31.260234832763672
838,9.72924518585205,-1.9843494892120361,14.343825340270996
839,5.358352184295654,-66.00594329833984,2.6448564529418945
840,9.175885200500488,6.96139669418335,7.435622215270996
841,9.59005355834961,-32.90155792236328,33.93277359008789
842,9.12952709197998,-32.6729621887207,28.067270278930664
843,-21.711605072021484,9.510391235351562,18.19285774230957
844,-22.894487380981445,9.494307518005371,6.222562789916992
845,-22.84428596496582,10.321786880493164,31.92000389099121
846,2.242575168609619,-70.41598510742188,16.037260055541992
847,-5.217766761779785,9.050810813903809,11.8341703414917
848,-31.724382400512695,9.46847915649414,31.361215591430664
849,9.006340026855469,8.8848237991333,13.066384315490723
850,-22.707868576049805,-52.620906829833984,9.408862113952637
851,7.714678764343262,9.545355796813965,25.5627498626709
852,-19.757156372070312,-54.79350662231445,16.345561981201172
853,-14.154313087463379,9.367181777954102,5.961123943328857
854,-0.8738523721694946,-70.01691436767578,9.250054359436035
855,9.414673805236816,7.567408561706543,13.2393159866333
856,9.405800819396973,-4.772139072418213,8.095476150512695
857,9.172799110412598,7.931550979614258,25.988359451293945
858,-10.340368270874023,9.214766502380371,5.9637298583984375
859,9.71434497833252,6.633171081542969,33.075862884521484
860,-70.718505859375,1.34605073928833,29.078489303588867
861,-48.435791015625,8.277219772338867,17.881006240844727
862,9.155137062072754,8.148056983947754,25.9594669342041
863,6.607343673706055,9.346891403198242,12.610363960266113
864,-27.099515914916992,9.352943420410156,24.25535774230957
865,-71.02769470214844,2.891906499862671,23.378904342651367
866,9.74283504486084,-3.821279525756836,20.416439056396484
867,9.184487342834473,7.6800384521484375,26.016508102416992
868,-68.84625244140625,-5.052661418914795,29.768251419067383
869,2.1529088020324707,-69.78714752197266,34.42485046386719
870,9.66179370880127,-0.3234797716140747,14.194010734558105
871,9.23641300201416,3.3455007076263428,26.407562255859375
872,6.286335468292236,-63.65143966674805,2.550889253616333
873,-3.553370952606201,-69.17962646484375,9.646995544433594
874,9.150482177734375,4.546629428863525,1.483778953552246
875,-22.677318572998047,-52.66714096069336,9.39768123626709
876,0.6528061628341675,9.669416427612305,31.82063865661621
877,-19.345121383666992,-55.268253326416016,16.376298904418945
878,-2.710422992706299,9.738260269165039,25.111520767211914
879,10.017529487609863,-10.059843063354492,20.238277435302734
880,-2.8621511459350586,9.506067276000977,18.71713638305664
881,-17.12379264831543,9.811400413513184,24.867189407348633
882,9.571524620056152,-0.7221207022666931,8.33237075805664
883,-30.46068572998047,9.46100902557373,31.33257484436035
884,9.837006568908691,-34.27936553955078,8.218667030334473
885,-68.59916687011719,-4.412815570831299,15.686188697814941
886,9.065099716186523,-34.92655563354492,28.20458984375
887,9.171181678771973,-16.02981948852539,13.673020362854004
888,8.958921432495117,-21.370357513427734,14.021023750305176
889,-16.833478927612305,-58.739078521728516,22.605287551879883
890,3.1111583709716797,9.653871536254883,12.514242172241211
891,-70.38308715820312,-1.362579107284546,17.07460594177246
892,9.7820405960083,-35.54744338989258,8.174851417541504
893,2.8896584510803223,9.510599136352539,25.170541763305664
894,-69.31624603271484,-3.5027151107788086,11.021025657653809
895,9.641018867492676,-11.390020370483398,14.182724952697754
896,-1.8358378410339355,9.766195297241211,25.159730911254883
897,-26.206571578979492,9.45904541015625,6.187155246734619
898,5.422618389129639,9.152414321899414,0.5485295057296753
899,3.1802921295166016,-68.92698669433594,28.411739349365234
900,-69.40460205078125,5.478578567504883,10.859320640563965
